idx	key	prompt	gen_prompt	dyn	q	dims	raw
01	00896	a panda bear is eating a piece of bamboo	a panda bear is eating a piece of bamboo	moving	0.56	i2v_subject|subject_consistency|aesthetic_quality|imaging_quality|temporal_flickering|motion_smoothness|dynamic_degree	i2v_subject=0.987|subject_consistency=0.982|aesthetic_quality=0.6304|imaging_quality=73.55|temporal_flickering=0.982|motion_smoothness=0.9914|dynamic_degree=1
07	01030	a woman wearing a hijab reading a book on the beach	a woman wearing a hijab reading a book on the beach	moving	0.37	i2v_subject|subject_consistency|aesthetic_quality|imaging_quality|temporal_flickering|motion_smoothness|dynamic_degree	i2v_subject=0.9801|subject_consistency=0.9512|aesthetic_quality=0.7211|imaging_quality=74.74|temporal_flickering=0.9626|motion_smoothness=0.9907|dynamic_degree=1
11	00935	a white car is swiftly driving on a dirt road near a bush, kicking up dust	a white car is swiftly driving on a dirt road near a bush, kicking up dust	moving	0.23	i2v_subject|subject_consistency|aesthetic_quality|imaging_quality|temporal_flickering|motion_smoothness|dynamic_degree	i2v_subject=0.9816|subject_consistency=0.9479|aesthetic_quality=0.6183|imaging_quality=78.02|temporal_flickering=0.9706|motion_smoothness=0.9871|dynamic_degree=1
12	00881	a monkey is holding a banana in its mouth	a monkey is holding a banana in its mouth	moving	0.23	i2v_subject|subject_consistency|aesthetic_quality|imaging_quality|temporal_flickering|motion_smoothness|dynamic_degree	i2v_subject=0.9822|subject_consistency=0.9732|aesthetic_quality=0.613|imaging_quality=64.74|temporal_flickering=0.9796|motion_smoothness=0.9904|dynamic_degree=1
18	01100	a basket of french fries in a fryer	a basket of french fries in a fryer	moving	0.12	i2v_subject|subject_consistency|aesthetic_quality|imaging_quality|temporal_flickering|motion_smoothness|dynamic_degree	i2v_subject=0.988|subject_consistency=0.9717|aesthetic_quality=0.6584|imaging_quality=61.21|temporal_flickering=0.9694|motion_smoothness=0.9869|dynamic_degree=1
21	00921	a blue fishing boat is navigating in the ocean next to a cruise ship	a blue fishing boat is navigating in the ocean next to a cruise ship	moving	0.02	i2v_subject|subject_consistency|aesthetic_quality|imaging_quality|temporal_flickering|motion_smoothness|dynamic_degree	i2v_subject=0.9759|subject_consistency=0.9534|aesthetic_quality=0.517|imaging_quality=76.62|temporal_flickering=0.9741|motion_smoothness=0.9868|dynamic_degree=1
27	00954	a person is cooking meat on a grill with flames	a person is cooking meat on a grill with flames	moving	-0.13	i2v_subject|subject_consistency|aesthetic_quality|imaging_quality|temporal_flickering|motion_smoothness|dynamic_degree	i2v_subject=0.9785|subject_consistency=0.9495|aesthetic_quality=0.617|imaging_quality=61.25|temporal_flickering=0.9697|motion_smoothness=0.9869|dynamic_degree=1
30	01089	fried onion rings in a basket	fried onion rings in a basket	moving	-0.17	i2v_subject|subject_consistency|aesthetic_quality|imaging_quality|temporal_flickering|motion_smoothness|dynamic_degree	i2v_subject=0.9844|subject_consistency=0.9443|aesthetic_quality=0.5516|imaging_quality=71.09|temporal_flickering=0.9506|motion_smoothness=0.9882|dynamic_degree=1
41	01015	a woman in a kimono holding an umbrella	a woman in a kimono holding an umbrella	moving	-0.48	i2v_subject|subject_consistency|aesthetic_quality|imaging_quality|temporal_flickering|motion_smoothness|dynamic_degree	i2v_subject=0.9629|subject_consistency=0.9407|aesthetic_quality=0.6679|imaging_quality=65.67|temporal_flickering=0.9355|motion_smoothness=0.9845|dynamic_degree=1
45	01066	two men riding bikes down a road near a forest	two men riding bikes down a road near a forest	moving	-0.66	i2v_subject|subject_consistency|aesthetic_quality|imaging_quality|temporal_flickering|motion_smoothness|dynamic_degree	i2v_subject=0.9796|subject_consistency=0.9528|aesthetic_quality=0.5859|imaging_quality=53.89|temporal_flickering=0.9465|motion_smoothness=0.9807|dynamic_degree=1
48	00903	a little crab scurried on the sandy beach	a little crab scurried on the sandy beach	moving	-0.89	i2v_subject|subject_consistency|aesthetic_quality|imaging_quality|temporal_flickering|motion_smoothness|dynamic_degree	i2v_subject=0.9547|subject_consistency=0.9217|aesthetic_quality=0.5006|imaging_quality=75.13|temporal_flickering=0.9403|motion_smoothness=0.9763|dynamic_degree=1
50	00880	a highland cow with long horns standing in a field	a highland cow with long horns standing in a field	moving	-0.98	i2v_subject|subject_consistency|aesthetic_quality|imaging_quality|temporal_flickering|motion_smoothness|dynamic_degree	i2v_subject=0.9468|subject_consistency=0.9161|aesthetic_quality=0.493|imaging_quality=64.97|temporal_flickering=0.9651|motion_smoothness=0.9762|dynamic_degree=1
53	00993	a young boy leaning on a wooden pole	a young boy leaning on a wooden pole	moving	-1.10	i2v_subject|subject_consistency|aesthetic_quality|imaging_quality|temporal_flickering|motion_smoothness|dynamic_degree	i2v_subject=0.9409|subject_consistency=0.8888|aesthetic_quality=0.4167|imaging_quality=65.18|temporal_flickering=0.9712|motion_smoothness=0.9813|dynamic_degree=1
56	00966	a person holding a sparkler in front of a sunset	a person holding a sparkler in front of a sunset	moving	-1.32	i2v_subject|subject_consistency|aesthetic_quality|imaging_quality|temporal_flickering|motion_smoothness|dynamic_degree	i2v_subject=0.9158|subject_consistency=0.8522|aesthetic_quality=0.511|imaging_quality=46.17|temporal_flickering=0.9863|motion_smoothness=0.9901|dynamic_degree=1
57	00956	a person holding a sparkler in their hand	a person holding a sparkler in their hand	moving	-1.65	i2v_subject|subject_consistency|aesthetic_quality|imaging_quality|temporal_flickering|motion_smoothness|dynamic_degree	i2v_subject=0.9396|subject_consistency=0.9155|aesthetic_quality=0.6278|imaging_quality=48.49|temporal_flickering=0.9448|motion_smoothness=0.9611|dynamic_degree=1
63	00392	a living room filled with lots of books on a wall	a living room filled with lots of books on a wall	n/a	0.89	i2v_background|background_consistency|aesthetic_quality|imaging_quality|temporal_flickering	i2v_background=0.9947|background_consistency=0.982|aesthetic_quality=0.7032|imaging_quality=79.59|temporal_flickering=0.9927
66	00168	the golden gate bridge in san franscisco is lit up by the setting sun	the golden gate bridge in san franscisco is lit up by the setting sun	n/a	0.83	i2v_background|background_consistency|aesthetic_quality|imaging_quality|temporal_flickering	i2v_background=0.9965|background_consistency=0.99|aesthetic_quality=0.6402|imaging_quality=77.88|temporal_flickering=0.9958
69	00352	a monastery sits on top of a cliff in bhutan	a monastery sits on top of a cliff in bhutan	n/a	0.75	i2v_background|background_consistency|aesthetic_quality|imaging_quality|temporal_flickering	i2v_background=0.9957|background_consistency=0.9826|aesthetic_quality=0.6568|imaging_quality=80.39|temporal_flickering=0.9872
